model,domain_accuracy,position_accuracy,joint_accuracy
random_forest,0.4166666666666667,0.75,0.31666666666666665
decision_tree,0.35,0.725,0.24166666666666667
extra_tree,0.39166666666666666,0.7166666666666667,0.275
extra_trees,0.38333333333333336,0.75,0.2833333333333333
k_neighbors,0.36666666666666664,0.75,0.3
radius_neighbors,0.44166666666666665,0.5583333333333333,0.2
